{
  "workData": [
    {
      "image": "/images/work/work-img-1.jpg",
      "title": "Mug Sticker Designing",
      "client": "John Honnai",
      "slug": "mug-sticker-designing"
    },
    {
      "image": "/images/work/work-img-2.jpg",
      "title": "Mobile App Design",
      "client": "John Honnai",
      "slug": "mobile-app-design"
    },
    {
      "image": "/images/work/work-img-3.jpg",
      "title": "Fashion Website Template",
      "client": "John Honnai",
      "slug": "fashion-website-template"
    },
    {
      "image": "/images/work/work-img-4.jpg",
      "title": "Book Cover Design",
      "client": "John Honnai",
      "slug": "book-cover-design"
    },
    {
      "image": "/images/work/work-img-5.jpg",
      "title": "Mobile App Design",
      "client": "John Honnai",
      "slug": "mobile-app-design"
    },
    {
      "image": "/images/work/work-img-6.jpg",
      "title": "Mug Sticker Designing",
      "client": "John Honnai",
      "slug": "mug-sticker-designing"
    }
  ]
}
